Datapoint_Labels,KMeans_Labels,DBSCAN_Labels
DP0001,Cluster4,Cluster1
DP0002,Cluster4,Cluster1
DP0003,Cluster2,Cluster2
DP0004,Cluster2,Cluster3
DP0005,Cluster2,Cluster3
DP0006,Cluster1,Cluster4
DP0007,Cluster4,Cluster1
DP0008,Cluster2,Cluster3
DP0009,Cluster3,Cluster5
DP0010,Cluster3,Cluster5
DP0011,Cluster4,Cluster6
DP0012,Cluster2,Cluster7
DP0013,Cluster1,Cluster4
DP0014,Cluster4,Cluster6
DP0015,Cluster1,Cluster4
DP0016,Cluster1,Cluster8
DP0017,Cluster2,Cluster3
DP0018,Cluster4,Cluster6
DP0019,Cluster3,Cluster5
DP0020,Cluster2,Noise
DP0021,Cluster2,Noise
DP0022,Cluster4,Cluster1
DP0023,Cluster2,Noise
DP0024,Cluster3,Cluster9
DP0025,Cluster2,Noise
DP0026,Cluster3,Cluster9
DP0027,Cluster1,Cluster8
DP0028,Cluster3,Cluster5
DP0029,Cluster3,Cluster20
DP0030,Cluster4,Cluster6
DP0031,Cluster2,Cluster7
DP0032,Cluster2,Cluster2
DP0033,Cluster1,Cluster8
DP0034,Cluster1,Cluster8
DP0035,Cluster3,Cluster9
DP0036,Cluster1,Cluster8
DP0037,Cluster4,Cluster6
DP0038,Cluster1,Cluster4
DP0039,Cluster3,Cluster10
DP0040,Cluster4,Noise
DP0041,Cluster1,Cluster8
DP0042,Cluster1,Cluster8
DP0043,Cluster1,Cluster4
DP0044,Cluster1,Cluster4
DP0045,Cluster4,Cluster1
DP0046,Cluster3,Cluster11
DP0047,Cluster3,Cluster5
DP0048,Cluster1,Cluster8
DP0049,Cluster3,Noise
DP0050,Cluster2,Noise
DP0051,Cluster1,Cluster8
DP0052,Cluster4,Cluster6
DP0053,Cluster3,Cluster9
DP0054,Cluster1,Cluster4
DP0055,Cluster3,Cluster10
DP0056,Cluster4,Cluster1
DP0057,Cluster3,Cluster5
DP0058,Cluster1,Noise
DP0059,Cluster2,Cluster12
DP0060,Cluster4,Cluster6
DP0061,Cluster2,Noise
DP0062,Cluster3,Cluster5
DP0063,Cluster4,Cluster6
DP0064,Cluster4,Cluster1
DP0065,Cluster1,Cluster8
DP0066,Cluster2,Cluster3
DP0067,Cluster4,Cluster6
DP0068,Cluster4,Cluster6
DP0069,Cluster1,Cluster8
DP0070,Cluster4,Cluster6
DP0071,Cluster1,Cluster4
DP0072,Cluster4,Cluster6
DP0073,Cluster3,Cluster5
DP0074,Cluster2,Cluster12
DP0075,Cluster4,Cluster1
DP0076,Cluster2,Cluster3
DP0077,Cluster2,Cluster3
DP0078,Cluster4,Cluster6
DP0079,Cluster3,Noise
DP0080,Cluster1,Cluster8
DP0081,Cluster1,Cluster8
DP0082,Cluster3,Cluster5
DP0083,Cluster2,Cluster7
DP0084,Cluster1,Cluster13
DP0085,Cluster4,Cluster6
DP0086,Cluster4,Cluster6
DP0087,Cluster4,Cluster6
DP0088,Cluster4,Cluster1
DP0089,Cluster3,Cluster14
DP0090,Cluster2,Cluster7
DP0091,Cluster3,Cluster5
DP0092,Cluster4,Cluster1
DP0093,Cluster2,Cluster2
DP0094,Cluster1,Cluster8
DP0095,Cluster2,Cluster15
DP0096,Cluster2,Cluster7
DP0097,Cluster1,Cluster8
DP0098,Cluster4,Cluster6
DP0099,Cluster2,Cluster7
DP0100,Cluster4,Cluster6
DP0101,Cluster3,Cluster5
DP0102,Cluster2,Cluster3
DP0103,Cluster1,Cluster4
DP0104,Cluster1,Cluster8
DP0105,Cluster3,Cluster5
DP0106,Cluster2,Cluster3
DP0107,Cluster1,Cluster8
DP0108,Cluster4,Cluster6
DP0109,Cluster1,Cluster8
DP0110,Cluster4,Cluster6
DP0111,Cluster3,Cluster10
DP0112,Cluster2,Cluster3
DP0113,Cluster1,Cluster8
DP0114,Cluster4,Cluster1
DP0115,Cluster1,Cluster8
DP0116,Cluster2,Noise
DP0117,Cluster2,Cluster7
DP0118,Cluster1,Cluster8
DP0119,Cluster1,Cluster8
DP0120,Cluster4,Cluster6
DP0121,Cluster4,Cluster1
DP0122,Cluster2,Cluster3
DP0123,Cluster3,Cluster14
DP0124,Cluster3,Cluster9
DP0125,Cluster4,Cluster6
DP0126,Cluster4,Cluster6
DP0127,Cluster4,Cluster1
DP0128,Cluster1,Cluster8
DP0129,Cluster4,Cluster1
DP0130,Cluster3,Noise
DP0131,Cluster3,Cluster5
DP0132,Cluster4,Cluster6
DP0133,Cluster4,Cluster1
DP0134,Cluster1,Cluster8
DP0135,Cluster2,Noise
DP0136,Cluster2,Cluster7
DP0137,Cluster1,Cluster4
DP0138,Cluster1,Cluster8
DP0139,Cluster1,Cluster4
DP0140,Cluster1,Cluster4
DP0141,Cluster2,Cluster3
DP0142,Cluster3,Noise
DP0143,Cluster3,Cluster5
DP0144,Cluster1,Cluster8
DP0145,Cluster3,Cluster10
DP0146,Cluster3,Cluster9
DP0147,Cluster4,Cluster6
DP0148,Cluster3,Cluster21
DP0149,Cluster2,Cluster3
DP0150,Cluster3,Cluster10
DP0151,Cluster4,Cluster6
DP0152,Cluster4,Cluster6
DP0153,Cluster4,Cluster6
DP0154,Cluster3,Cluster16
DP0155,Cluster1,Cluster4
DP0156,Cluster4,Cluster6
DP0157,Cluster4,Cluster1
DP0158,Cluster3,Cluster5
DP0159,Cluster1,Cluster8
DP0160,Cluster1,Cluster8
DP0161,Cluster1,Cluster8
DP0162,Cluster3,Cluster9
DP0163,Cluster1,Cluster8
DP0164,Cluster3,Noise
DP0165,Cluster2,Cluster3
DP0166,Cluster3,Cluster5
DP0167,Cluster4,Cluster6
DP0168,Cluster2,Cluster3
DP0169,Cluster4,Cluster1
DP0170,Cluster3,Noise
DP0171,Cluster4,Cluster6
DP0172,Cluster1,Cluster8
DP0173,Cluster1,Cluster13
DP0174,Cluster4,Cluster1
DP0175,Cluster3,Cluster16
DP0176,Cluster2,Cluster3
DP0177,Cluster2,Cluster7
DP0178,Cluster1,Cluster8
DP0179,Cluster4,Cluster6
DP0180,Cluster4,Cluster6
DP0181,Cluster1,Cluster8
DP0182,Cluster2,Cluster3
DP0183,Cluster4,Cluster1
DP0184,Cluster4,Cluster1
DP0185,Cluster3,Cluster5
DP0186,Cluster1,Cluster8
DP0187,Cluster4,Cluster6
DP0188,Cluster2,Cluster17
DP0189,Cluster2,Cluster17
DP0190,Cluster2,Cluster3
DP0191,Cluster2,Cluster7
DP0192,Cluster4,Cluster6
DP0193,Cluster1,Cluster8
DP0194,Cluster4,Cluster6
DP0195,Cluster3,Cluster9
DP0196,Cluster3,Cluster5
DP0197,Cluster3,Cluster5
DP0198,Cluster3,Cluster14
DP0199,Cluster3,Cluster5
DP0200,Cluster1,Cluster4
DP0201,Cluster4,Cluster6
DP0202,Cluster1,Cluster8
DP0203,Cluster1,Cluster8
DP0204,Cluster3,Cluster5
DP0205,Cluster1,Cluster8
DP0206,Cluster4,Cluster6
DP0207,Cluster1,Cluster8
DP0208,Cluster2,Noise
DP0209,Cluster4,Cluster6
DP0210,Cluster4,Cluster6
DP0211,Cluster3,Cluster5
DP0212,Cluster2,Cluster7
DP0213,Cluster1,Cluster8
DP0214,Cluster4,Cluster6
DP0215,Cluster1,Cluster8
DP0216,Cluster3,Cluster18
DP0217,Cluster3,Cluster5
DP0218,Cluster3,Cluster9
DP0219,Cluster3,Cluster10
DP0220,Cluster1,Cluster4
DP0221,Cluster2,Cluster2
DP0222,Cluster2,Noise
DP0223,Cluster4,Cluster1
DP0224,Cluster2,Cluster2
DP0225,Cluster1,Cluster4
DP0226,Cluster3,Cluster5
DP0227,Cluster4,Cluster6
DP0228,Cluster3,Cluster5
DP0229,Cluster2,Cluster2
DP0230,Cluster2,Noise
DP0231,Cluster1,Cluster8
DP0232,Cluster1,Cluster4
DP0233,Cluster2,Cluster7
DP0234,Cluster4,Cluster6
DP0235,Cluster4,Cluster1
DP0236,Cluster2,Cluster7
DP0237,Cluster1,Cluster4
DP0238,Cluster1,Cluster8
DP0239,Cluster4,Cluster1
DP0240,Cluster3,Cluster21
DP0241,Cluster2,Cluster17
DP0242,Cluster1,Cluster4
DP0243,Cluster2,Cluster3
DP0244,Cluster4,Cluster1
DP0245,Cluster3,Cluster5
DP0246,Cluster1,Cluster8
DP0247,Cluster3,Cluster5
DP0248,Cluster4,Cluster1
DP0249,Cluster1,Cluster8
DP0250,Cluster2,Cluster3
DP0251,Cluster1,Cluster4
DP0252,Cluster3,Cluster5
DP0253,Cluster1,Cluster8
DP0254,Cluster1,Cluster4
DP0255,Cluster1,Cluster4
DP0256,Cluster3,Cluster11
DP0257,Cluster3,Cluster5
DP0258,Cluster2,Cluster7
DP0259,Cluster1,Cluster8
DP0260,Cluster3,Cluster19
DP0261,Cluster4,Cluster6
DP0262,Cluster1,Cluster8
DP0263,Cluster4,Cluster1
DP0264,Cluster1,Cluster8
DP0265,Cluster3,Cluster19
DP0266,Cluster1,Cluster8
DP0267,Cluster3,Cluster5
DP0268,Cluster1,Cluster8
DP0269,Cluster2,Cluster3
DP0270,Cluster1,Cluster8
DP0271,Cluster1,Cluster13
DP0272,Cluster1,Cluster4
DP0273,Cluster2,Cluster3
DP0274,Cluster2,Cluster3
DP0275,Cluster3,Cluster5
DP0276,Cluster4,Cluster6
DP0277,Cluster4,Cluster1
DP0278,Cluster3,Cluster9
DP0279,Cluster4,Cluster6
DP0280,Cluster3,Cluster10
DP0281,Cluster4,Cluster1
DP0282,Cluster4,Cluster6
DP0283,Cluster1,Cluster8
DP0284,Cluster1,Cluster8
DP0285,Cluster3,Cluster5
DP0286,Cluster3,Cluster11
DP0287,Cluster3,Noise
DP0288,Cluster1,Cluster4
DP0289,Cluster3,Cluster9
DP0290,Cluster3,Cluster10
DP0291,Cluster1,Cluster8
DP0292,Cluster1,Cluster8
DP0293,Cluster1,Cluster8
DP0294,Cluster3,Cluster9
DP0295,Cluster4,Cluster6
DP0296,Cluster3,Cluster5
DP0297,Cluster1,Cluster4
DP0298,Cluster1,Cluster4
DP0299,Cluster3,Noise
DP0300,Cluster4,Cluster1
DP0301,Cluster1,Cluster8
DP0302,Cluster4,Cluster6
DP0303,Cluster2,Cluster3
DP0304,Cluster2,Noise
DP0305,Cluster4,Cluster6
DP0306,Cluster1,Cluster8
DP0307,Cluster2,Cluster7
DP0308,Cluster1,Cluster8
DP0309,Cluster4,Cluster1
DP0310,Cluster4,Cluster1
DP0311,Cluster4,Cluster6
DP0312,Cluster3,Cluster20
DP0313,Cluster1,Cluster8
DP0314,Cluster2,Cluster12
DP0315,Cluster3,Cluster19
DP0316,Cluster1,Cluster4
DP0317,Cluster4,Cluster6
DP0318,Cluster4,Cluster1
DP0319,Cluster1,Cluster8
DP0320,Cluster1,Cluster8
DP0321,Cluster4,Cluster1
DP0322,Cluster2,Cluster3
DP0323,Cluster4,Cluster6
DP0324,Cluster2,Cluster7
DP0325,Cluster3,Cluster21
DP0326,Cluster4,Cluster6
DP0327,Cluster4,Cluster6
DP0328,Cluster2,Cluster7
DP0329,Cluster1,Cluster8
DP0330,Cluster4,Cluster6
DP0331,Cluster4,Cluster1
DP0332,Cluster4,Cluster6
DP0333,Cluster4,Cluster6
DP0334,Cluster3,Cluster10
DP0335,Cluster3,Cluster5
DP0336,Cluster3,Cluster5
DP0337,Cluster4,Cluster6
DP0338,Cluster4,Cluster1
DP0339,Cluster3,Cluster5
DP0340,Cluster3,Cluster10
DP0341,Cluster3,Cluster9
DP0342,Cluster2,Cluster3
DP0343,Cluster2,Cluster3
DP0344,Cluster4,Cluster1
DP0345,Cluster2,Noise
DP0346,Cluster2,Cluster3
DP0347,Cluster1,Cluster8
DP0348,Cluster3,Cluster9
DP0349,Cluster1,Cluster8
DP0350,Cluster4,Cluster1
DP0351,Cluster3,Cluster5
DP0352,Cluster3,Cluster10
DP0353,Cluster1,Cluster8
DP0354,Cluster1,Cluster8
DP0355,Cluster1,Cluster8
DP0356,Cluster3,Cluster9
DP0357,Cluster4,Cluster1
DP0358,Cluster2,Cluster3
DP0359,Cluster3,Cluster5
DP0360,Cluster2,Noise
DP0361,Cluster3,Cluster21
DP0362,Cluster1,Cluster4
DP0363,Cluster3,Cluster10
DP0364,Cluster1,Cluster8
DP0365,Cluster2,Cluster17
DP0366,Cluster1,Cluster8
DP0367,Cluster1,Cluster8
DP0368,Cluster4,Cluster6
DP0369,Cluster4,Cluster1
DP0370,Cluster3,Cluster18
DP0371,Cluster1,Cluster8
DP0372,Cluster3,Noise
DP0373,Cluster2,Cluster3
DP0374,Cluster1,Cluster8
DP0375,Cluster1,Cluster8
DP0376,Cluster1,Cluster8
DP0377,Cluster3,Cluster5
DP0378,Cluster4,Cluster1
DP0379,Cluster3,Cluster9
DP0380,Cluster1,Cluster8
DP0381,Cluster4,Cluster6
DP0382,Cluster4,Cluster1
DP0383,Cluster4,Cluster1
DP0384,Cluster1,Cluster4
DP0385,Cluster2,Cluster2
DP0386,Cluster3,Cluster5
DP0387,Cluster2,Cluster7
DP0388,Cluster2,Cluster7
DP0389,Cluster4,Cluster1
DP0390,Cluster3,Cluster5
DP0391,Cluster3,Cluster5
DP0392,Cluster1,Cluster4
DP0393,Cluster1,Cluster8
DP0394,Cluster1,Cluster4
DP0395,Cluster4,Cluster1
DP0396,Cluster1,Cluster4
DP0397,Cluster3,Cluster22
DP0398,Cluster4,Cluster1
DP0399,Cluster2,Cluster3
DP0400,Cluster1,Cluster4
DP0401,Cluster3,Noise
DP0402,Cluster3,Cluster5
DP0403,Cluster2,Noise
DP0404,Cluster1,Cluster8
DP0405,Cluster2,Cluster7
DP0406,Cluster1,Cluster4
DP0407,Cluster2,Cluster3
DP0408,Cluster1,Cluster8
DP0409,Cluster1,Cluster8
DP0410,Cluster4,Cluster1
DP0411,Cluster1,Cluster8
DP0412,Cluster1,Cluster8
DP0413,Cluster1,Cluster4
DP0414,Cluster1,Cluster8
DP0415,Cluster4,Cluster1
DP0416,Cluster2,Cluster2
DP0417,Cluster1,Cluster8
DP0418,Cluster3,Cluster5
DP0419,Cluster3,Noise
DP0420,Cluster1,Cluster4
DP0421,Cluster2,Cluster2
DP0422,Cluster2,Cluster17
DP0423,Cluster3,Cluster10
DP0424,Cluster4,Cluster1
DP0425,Cluster2,Cluster7
DP0426,Cluster1,Cluster8
DP0427,Cluster4,Cluster1
DP0428,Cluster4,Cluster1
DP0429,Cluster2,Cluster3
DP0430,Cluster3,Cluster16
DP0431,Cluster3,Cluster9
DP0432,Cluster2,Cluster7
DP0433,Cluster1,Cluster4
DP0434,Cluster1,Cluster4
DP0435,Cluster1,Cluster4
DP0436,Cluster4,Cluster1
DP0437,Cluster3,Cluster11
DP0438,Cluster3,Cluster18
DP0439,Cluster4,Cluster6
DP0440,Cluster2,Cluster7
DP0441,Cluster2,Cluster7
DP0442,Cluster1,Cluster4
DP0443,Cluster2,Cluster15
DP0444,Cluster2,Cluster7
DP0445,Cluster4,Cluster1
DP0446,Cluster4,Cluster6
DP0447,Cluster4,Cluster6
DP0448,Cluster4,Cluster1
DP0449,Cluster3,Cluster5
DP0450,Cluster1,Cluster8
DP0451,Cluster3,Cluster16
DP0452,Cluster1,Cluster8
DP0453,Cluster4,Cluster6
DP0454,Cluster3,Cluster21
DP0455,Cluster3,Cluster5
DP0456,Cluster3,Cluster14
DP0457,Cluster4,Cluster6
DP0458,Cluster1,Cluster8
DP0459,Cluster1,Cluster8
DP0460,Cluster4,Cluster6
DP0461,Cluster2,Cluster3
DP0462,Cluster4,Cluster6
DP0463,Cluster3,Cluster16
DP0464,Cluster4,Cluster6
DP0465,Cluster2,Cluster3
DP0466,Cluster2,Cluster7
DP0467,Cluster1,Cluster8
DP0468,Cluster4,Cluster6
DP0469,Cluster1,Cluster8
DP0470,Cluster2,Cluster7
DP0471,Cluster2,Cluster12
DP0472,Cluster1,Cluster8
DP0473,Cluster4,Cluster6
DP0474,Cluster2,Noise
DP0475,Cluster3,Cluster10
DP0476,Cluster1,Cluster8
DP0477,Cluster1,Cluster8
DP0478,Cluster3,Cluster10
DP0479,Cluster1,Cluster8
DP0480,Cluster3,Cluster5
DP0481,Cluster3,Cluster16
DP0482,Cluster3,Cluster16
DP0483,Cluster1,Cluster4
DP0484,Cluster3,Noise
DP0485,Cluster3,Cluster5
DP0486,Cluster3,Cluster16
DP0487,Cluster4,Cluster1
DP0488,Cluster4,Cluster1
DP0489,Cluster1,Cluster8
DP0490,Cluster1,Cluster8
DP0491,Cluster3,Cluster10
DP0492,Cluster4,Cluster1
DP0493,Cluster2,Cluster7
DP0494,Cluster2,Cluster7
DP0495,Cluster1,Cluster8
DP0496,Cluster3,Cluster22
DP0497,Cluster2,Cluster7
DP0498,Cluster4,Cluster1
DP0499,Cluster3,Cluster5
DP0500,Cluster4,Cluster6
DP0501,Cluster3,Cluster10
DP0502,Cluster2,Cluster7
DP0503,Cluster4,Cluster6
DP0504,Cluster4,Cluster1
DP0505,Cluster2,Cluster17
DP0506,Cluster4,Cluster6
DP0507,Cluster4,Cluster6
DP0508,Cluster1,Cluster8
DP0509,Cluster3,Cluster5
DP0510,Cluster1,Cluster8
DP0511,Cluster4,Cluster6
DP0512,Cluster3,Noise
DP0513,Cluster1,Cluster4
DP0514,Cluster4,Cluster6
DP0515,Cluster1,Cluster4
DP0516,Cluster4,Cluster6
DP0517,Cluster3,Cluster10
DP0518,Cluster1,Cluster8
DP0519,Cluster1,Cluster8
DP0520,Cluster4,Cluster1
DP0521,Cluster2,Cluster12
DP0522,Cluster2,Cluster7
DP0523,Cluster3,Cluster20
DP0524,Cluster1,Cluster8
DP0525,Cluster4,Cluster1
DP0526,Cluster3,Noise
DP0527,Cluster2,Cluster3
DP0528,Cluster3,Cluster9
DP0529,Cluster4,Cluster1
DP0530,Cluster4,Cluster6
DP0531,Cluster2,Cluster17
DP0532,Cluster3,Cluster10
DP0533,Cluster1,Cluster8
DP0534,Cluster4,Cluster1
DP0535,Cluster1,Cluster8
DP0536,Cluster3,Cluster5
DP0537,Cluster1,Cluster8
DP0538,Cluster1,Cluster8
DP0539,Cluster2,Noise
DP0540,Cluster1,Cluster4
DP0541,Cluster3,Cluster9
DP0542,Cluster3,Cluster9
DP0543,Cluster3,Cluster5
DP0544,Cluster3,Cluster14
DP0545,Cluster4,Cluster1
DP0546,Cluster3,Noise
DP0547,Cluster4,Cluster6
DP0548,Cluster2,Cluster3
DP0549,Cluster2,Cluster3
DP0550,Cluster3,Cluster20
DP0551,Cluster2,Noise
DP0552,Cluster4,Cluster6
DP0553,Cluster2,Cluster7
DP0554,Cluster4,Cluster1
DP0555,Cluster3,Cluster10
DP0556,Cluster4,Cluster6
DP0557,Cluster2,Cluster3
DP0558,Cluster1,Cluster8
DP0559,Cluster4,Cluster6
DP0560,Cluster1,Cluster8
DP0561,Cluster1,Cluster8
DP0562,Cluster4,Cluster6
DP0563,Cluster1,Cluster8
DP0564,Cluster3,Noise
DP0565,Cluster2,Noise
DP0566,Cluster2,Cluster7
DP0567,Cluster1,Cluster8
DP0568,Cluster2,Noise
DP0569,Cluster3,Cluster9
DP0570,Cluster2,Cluster7
DP0571,Cluster2,Cluster2
DP0572,Cluster1,Cluster8
DP0573,Cluster4,Cluster1
DP0574,Cluster3,Cluster9
DP0575,Cluster1,Cluster8
DP0576,Cluster1,Cluster4
DP0577,Cluster3,Cluster5
DP0578,Cluster1,Cluster4
DP0579,Cluster3,Cluster5
DP0580,Cluster3,Noise
DP0581,Cluster1,Cluster8
DP0582,Cluster2,Noise
DP0583,Cluster4,Cluster1
DP0584,Cluster3,Cluster9
DP0585,Cluster3,Cluster21
DP0586,Cluster2,Cluster7
DP0587,Cluster1,Cluster8
DP0588,Cluster2,Cluster3
DP0589,Cluster3,Cluster5
DP0590,Cluster2,Cluster7
DP0591,Cluster2,Cluster3
DP0592,Cluster3,Cluster5
DP0593,Cluster3,Cluster5
DP0594,Cluster1,Cluster8
DP0595,Cluster4,Cluster1
DP0596,Cluster1,Cluster4
DP0597,Cluster4,Cluster1
DP0598,Cluster2,Cluster3
DP0599,Cluster2,Noise
DP0600,Cluster4,Cluster1
DP0601,Cluster1,Cluster8
DP0602,Cluster2,Cluster7
DP0603,Cluster3,Noise
DP0604,Cluster4,Cluster6
DP0605,Cluster4,Cluster1
DP0606,Cluster3,Cluster5
DP0607,Cluster2,Cluster7
DP0608,Cluster3,Cluster10
DP0609,Cluster4,Cluster6
DP0610,Cluster3,Cluster5
DP0611,Cluster2,Noise
DP0612,Cluster1,Noise
DP0613,Cluster1,Cluster4
DP0614,Cluster2,Cluster7
DP0615,Cluster2,Cluster3
DP0616,Cluster1,Cluster4
DP0617,Cluster3,Cluster5
DP0618,Cluster3,Cluster5
DP0619,Cluster2,Noise
DP0620,Cluster2,Cluster17
DP0621,Cluster2,Cluster3
DP0622,Cluster1,Cluster8
DP0623,Cluster4,Cluster1
DP0624,Cluster3,Noise
DP0625,Cluster2,Cluster7
DP0626,Cluster2,Cluster3
DP0627,Cluster4,Cluster6
DP0628,Cluster2,Cluster7
DP0629,Cluster1,Cluster4
DP0630,Cluster1,Cluster8
DP0631,Cluster3,Cluster11
DP0632,Cluster3,Cluster10
DP0633,Cluster3,Cluster10
DP0634,Cluster3,Cluster18
DP0635,Cluster4,Cluster6
DP0636,Cluster3,Cluster5
DP0637,Cluster4,Cluster1
DP0638,Cluster1,Cluster4
DP0639,Cluster4,Cluster6
DP0640,Cluster2,Cluster7
DP0641,Cluster1,Cluster8
DP0642,Cluster1,Cluster8
DP0643,Cluster3,Cluster14
DP0644,Cluster3,Noise
DP0645,Cluster1,Cluster4
DP0646,Cluster3,Cluster5
DP0647,Cluster1,Cluster4
DP0648,Cluster1,Cluster8
DP0649,Cluster3,Cluster19
DP0650,Cluster1,Cluster8
DP0651,Cluster1,Cluster8
DP0652,Cluster4,Cluster1
DP0653,Cluster3,Cluster16
DP0654,Cluster4,Cluster1
DP0655,Cluster2,Cluster3
DP0656,Cluster1,Cluster8
DP0657,Cluster4,Cluster1
DP0658,Cluster2,Noise
DP0659,Cluster2,Noise
DP0660,Cluster1,Cluster13
DP0661,Cluster3,Cluster16
DP0662,Cluster2,Cluster3
DP0663,Cluster3,Noise
DP0664,Cluster4,Cluster6
DP0665,Cluster2,Noise
DP0666,Cluster1,Cluster8
DP0667,Cluster2,Noise
DP0668,Cluster2,Cluster2
DP0669,Cluster1,Cluster13
DP0670,Cluster1,Cluster8
DP0671,Cluster3,Cluster10
DP0672,Cluster1,Cluster8
DP0673,Cluster3,Cluster16
DP0674,Cluster3,Cluster16
DP0675,Cluster2,Cluster7
DP0676,Cluster2,Cluster3
DP0677,Cluster1,Cluster8
DP0678,Cluster1,Cluster8
DP0679,Cluster2,Noise
DP0680,Cluster2,Cluster2
DP0681,Cluster2,Cluster7
DP0682,Cluster2,Cluster7
DP0683,Cluster4,Cluster1
DP0684,Cluster1,Cluster4
DP0685,Cluster1,Cluster8
DP0686,Cluster3,Cluster5
DP0687,Cluster4,Cluster1
DP0688,Cluster2,Cluster3
DP0689,Cluster4,Cluster6
DP0690,Cluster4,Cluster1
DP0691,Cluster4,Cluster1
DP0692,Cluster1,Cluster4
DP0693,Cluster2,Cluster3
DP0694,Cluster3,Cluster11
DP0695,Cluster4,Cluster6
DP0696,Cluster1,Cluster4
DP0697,Cluster4,Cluster6
DP0698,Cluster2,Cluster7
DP0699,Cluster1,Noise
DP0700,Cluster4,Cluster1
DP0701,Cluster2,Noise
DP0702,Cluster4,Cluster1
DP0703,Cluster2,Cluster7
DP0704,Cluster1,Cluster4
DP0705,Cluster1,Cluster4
DP0706,Cluster3,Cluster10
DP0707,Cluster3,Cluster20
DP0708,Cluster3,Noise
DP0709,Cluster2,Noise
DP0710,Cluster3,Cluster5
DP0711,Cluster1,Cluster8
DP0712,Cluster2,Noise
DP0713,Cluster2,Cluster3
DP0714,Cluster3,Cluster10
DP0715,Cluster2,Cluster7
DP0716,Cluster4,Cluster6
DP0717,Cluster2,Cluster7
DP0718,Cluster4,Cluster1
DP0719,Cluster3,Cluster5
DP0720,Cluster4,Cluster1
DP0721,Cluster1,Cluster8
DP0722,Cluster2,Cluster3
DP0723,Cluster1,Cluster8
DP0724,Cluster4,Cluster1
DP0725,Cluster4,Cluster1
DP0726,Cluster3,Cluster5
DP0727,Cluster4,Cluster6
DP0728,Cluster4,Cluster1
DP0729,Cluster4,Cluster6
DP0730,Cluster1,Cluster8
DP0731,Cluster2,Noise
DP0732,Cluster1,Cluster8
DP0733,Cluster1,Cluster8
DP0734,Cluster1,Cluster8
DP0735,Cluster4,Cluster1
DP0736,Cluster1,Cluster4
DP0737,Cluster4,Cluster1
DP0738,Cluster2,Noise
DP0739,Cluster3,Cluster5
DP0740,Cluster4,Cluster1
DP0741,Cluster4,Cluster1
DP0742,Cluster1,Cluster8
DP0743,Cluster1,Cluster8
DP0744,Cluster2,Cluster2
DP0745,Cluster4,Cluster1
DP0746,Cluster3,Cluster21
DP0747,Cluster2,Cluster7
DP0748,Cluster4,Cluster1
DP0749,Cluster4,Cluster6
DP0750,Cluster1,Cluster8
DP0751,Cluster3,Cluster9
DP0752,Cluster1,Cluster8
DP0753,Cluster3,Cluster16
DP0754,Cluster1,Cluster8
DP0755,Cluster1,Cluster8
DP0756,Cluster1,Cluster8
DP0757,Cluster4,Cluster1
DP0758,Cluster2,Noise
DP0759,Cluster1,Cluster4
DP0760,Cluster3,Cluster10
DP0761,Cluster1,Cluster4
DP0762,Cluster1,Cluster8
DP0763,Cluster4,Cluster6
DP0764,Cluster1,Cluster4
DP0765,Cluster2,Cluster7
DP0766,Cluster3,Cluster5
DP0767,Cluster1,Cluster8
DP0768,Cluster4,Cluster1
DP0769,Cluster2,Cluster2
DP0770,Cluster4,Cluster6
DP0771,Cluster2,Cluster7
DP0772,Cluster4,Cluster6
DP0773,Cluster1,Cluster4
DP0774,Cluster4,Cluster6
DP0775,Cluster1,Cluster8
DP0776,Cluster2,Cluster3
DP0777,Cluster1,Cluster8
DP0778,Cluster3,Cluster10
DP0779,Cluster2,Noise
DP0780,Cluster2,Noise
DP0781,Cluster2,Noise
DP0782,Cluster2,Cluster3
DP0783,Cluster4,Cluster6
DP0784,Cluster3,Noise
DP0785,Cluster1,Cluster4
DP0786,Cluster2,Cluster3
DP0787,Cluster1,Cluster8
DP0788,Cluster1,Cluster4
DP0789,Cluster3,Cluster14
DP0790,Cluster1,Cluster8
DP0791,Cluster3,Cluster10
DP0792,Cluster1,Cluster4
DP0793,Cluster4,Cluster1
DP0794,Cluster4,Cluster1
DP0795,Cluster2,Cluster7
DP0796,Cluster2,Cluster7
DP0797,Cluster3,Cluster5
DP0798,Cluster2,Cluster3
DP0799,Cluster2,Cluster3
DP0800,Cluster2,Cluster3
DP0801,Cluster4,Cluster1
DP0802,Cluster1,Cluster8
DP0803,Cluster4,Cluster1
DP0804,Cluster2,Cluster3
DP0805,Cluster1,Cluster8
DP0806,Cluster2,Cluster7
DP0807,Cluster1,Cluster8
DP0808,Cluster4,Cluster6
DP0809,Cluster4,Cluster1
DP0810,Cluster2,Cluster2
DP0811,Cluster3,Cluster16
DP0812,Cluster4,Cluster1
DP0813,Cluster4,Cluster6
DP0814,Cluster1,Cluster8
DP0815,Cluster4,Cluster1
DP0816,Cluster4,Cluster1
DP0817,Cluster3,Cluster11
DP0818,Cluster1,Cluster4
DP0819,Cluster3,Cluster9
DP0820,Cluster4,Cluster1
DP0821,Cluster3,Cluster5
DP0822,Cluster1,Cluster4
DP0823,Cluster1,Cluster8
DP0824,Cluster3,Noise
DP0825,Cluster3,Cluster5
DP0826,Cluster1,Cluster8
DP0827,Cluster2,Noise
DP0828,Cluster2,Cluster3
DP0829,Cluster1,Cluster4
DP0830,Cluster4,Cluster6
DP0831,Cluster4,Cluster1
DP0832,Cluster3,Cluster11
DP0833,Cluster3,Cluster10
DP0834,Cluster4,Cluster1
DP0835,Cluster1,Cluster8
DP0836,Cluster4,Cluster6
DP0837,Cluster1,Cluster8
DP0838,Cluster2,Cluster7
DP0839,Cluster4,Cluster6
DP0840,Cluster4,Cluster1
DP0841,Cluster3,Cluster5
DP0842,Cluster2,Cluster15
DP0843,Cluster4,Cluster1
DP0844,Cluster4,Cluster1
DP0845,Cluster2,Cluster12
DP0846,Cluster3,Cluster5
DP0847,Cluster2,Cluster7
DP0848,Cluster4,Cluster1
DP0849,Cluster1,Cluster8
DP0850,Cluster1,Cluster4
DP0851,Cluster1,Cluster8
DP0852,Cluster1,Cluster4
DP0853,Cluster1,Cluster8
DP0854,Cluster2,Cluster7
DP0855,Cluster3,Cluster10
DP0856,Cluster4,Cluster6
DP0857,Cluster1,Cluster8
DP0858,Cluster1,Cluster8
DP0859,Cluster1,Cluster8
DP0860,Cluster3,Cluster21
DP0861,Cluster3,Cluster10
DP0862,Cluster3,Cluster10
DP0863,Cluster4,Cluster6
DP0864,Cluster2,Cluster2
DP0865,Cluster2,Cluster7
DP0866,Cluster2,Noise
DP0867,Cluster3,Cluster5
DP0868,Cluster4,Cluster6
DP0869,Cluster2,Cluster3
DP0870,Cluster3,Cluster11
DP0871,Cluster3,Cluster16
DP0872,Cluster2,Cluster7
DP0873,Cluster3,Cluster16
DP0874,Cluster4,Cluster6
DP0875,Cluster2,Noise
DP0876,Cluster2,Cluster7
DP0877,Cluster4,Cluster1
DP0878,Cluster2,Noise
DP0879,Cluster1,Cluster8
DP0880,Cluster4,Cluster6
DP0881,Cluster2,Cluster7
DP0882,Cluster2,Cluster3
DP0883,Cluster4,Cluster6
DP0884,Cluster1,Cluster4
DP0885,Cluster1,Cluster8
DP0886,Cluster2,Cluster7
DP0887,Cluster3,Cluster5
DP0888,Cluster2,Cluster3
DP0889,Cluster4,Cluster6
DP0890,Cluster4,Cluster6
DP0891,Cluster2,Cluster7
DP0892,Cluster1,Cluster8
DP0893,Cluster3,Cluster9
DP0894,Cluster4,Cluster1
DP0895,Cluster1,Cluster8
DP0896,Cluster2,Cluster7
DP0897,Cluster3,Cluster5
DP0898,Cluster1,Cluster8
DP0899,Cluster2,Cluster3
DP0900,Cluster1,Cluster8
DP0901,Cluster4,Cluster6
DP0902,Cluster4,Cluster6
DP0903,Cluster4,Cluster1
DP0904,Cluster2,Noise
DP0905,Cluster4,Cluster1
DP0906,Cluster1,Cluster13
DP0907,Cluster4,Cluster6
DP0908,Cluster3,Noise
DP0909,Cluster3,Cluster10
DP0910,Cluster1,Cluster8
DP0911,Cluster1,Cluster4
DP0912,Cluster1,Cluster13
DP0913,Cluster2,Cluster3
DP0914,Cluster4,Cluster1
DP0915,Cluster4,Cluster1
DP0916,Cluster2,Noise
DP0917,Cluster1,Cluster8
DP0918,Cluster4,Cluster1
DP0919,Cluster3,Cluster10
DP0920,Cluster1,Cluster8
DP0921,Cluster2,Cluster3
DP0922,Cluster3,Cluster11
DP0923,Cluster2,Cluster3
DP0924,Cluster2,Noise
DP0925,Cluster2,Noise
DP0926,Cluster1,Cluster8
DP0927,Cluster1,Cluster8
DP0928,Cluster4,Cluster6
DP0929,Cluster3,Cluster22
DP0930,Cluster2,Cluster7
DP0931,Cluster4,Cluster6
DP0932,Cluster1,Cluster8
DP0933,Cluster2,Noise
DP0934,Cluster2,Cluster2
DP0935,Cluster2,Cluster3
DP0936,Cluster1,Cluster8
DP0937,Cluster4,Cluster1
DP0938,Cluster3,Cluster10
DP0939,Cluster1,Cluster8
DP0940,Cluster4,Cluster6
DP0941,Cluster3,Noise
DP0942,Cluster3,Cluster5
DP0943,Cluster4,Cluster1
DP0944,Cluster4,Cluster1
DP0945,Cluster4,Cluster6
DP0946,Cluster2,Cluster7
DP0947,Cluster3,Noise
DP0948,Cluster1,Cluster8
DP0949,Cluster1,Cluster4
DP0950,Cluster4,Cluster1
DP0951,Cluster2,Cluster7
DP0952,Cluster4,Cluster1
DP0953,Cluster2,Cluster7
DP0954,Cluster4,Cluster1
DP0955,Cluster1,Cluster4
DP0956,Cluster3,Cluster9
DP0957,Cluster1,Cluster8
DP0958,Cluster3,Cluster10
DP0959,Cluster2,Noise
DP0960,Cluster1,Cluster8
DP0961,Cluster3,Cluster5
DP0962,Cluster3,Cluster10
DP0963,Cluster2,Cluster3
DP0964,Cluster2,Noise
DP0965,Cluster3,Cluster10
DP0966,Cluster4,Cluster6
DP0967,Cluster1,Cluster8
DP0968,Cluster1,Cluster8
DP0969,Cluster3,Cluster19
DP0970,Cluster3,Cluster10
DP0971,Cluster1,Cluster8
DP0972,Cluster3,Cluster5
DP0973,Cluster1,Cluster8
DP0974,Cluster3,Cluster5
DP0975,Cluster4,Cluster6
DP0976,Cluster3,Cluster5
DP0977,Cluster4,Cluster1
DP0978,Cluster1,Cluster8
DP0979,Cluster3,Cluster10
DP0980,Cluster4,Cluster6
DP0981,Cluster4,Cluster6
DP0982,Cluster2,Cluster7
DP0983,Cluster3,Noise
DP0984,Cluster3,Cluster5
DP0985,Cluster1,Cluster4
DP0986,Cluster4,Cluster6
DP0987,Cluster3,Cluster9
DP0988,Cluster4,Cluster1
DP0989,Cluster4,Cluster1
DP0990,Cluster1,Cluster8
DP0991,Cluster4,Cluster1
DP0992,Cluster3,Noise
DP0993,Cluster4,Cluster6
DP0994,Cluster4,Cluster6
DP0995,Cluster3,Cluster21
DP0996,Cluster3,Cluster5
DP0997,Cluster1,Cluster8
DP0998,Cluster4,Cluster1
DP0999,Cluster1,Cluster8
DP1000,Cluster2,Cluster2
DP1001,Cluster4,Cluster1
DP1002,Cluster2,Cluster7
DP1003,Cluster1,Cluster8
DP1004,Cluster3,Cluster14
DP1005,Cluster2,Cluster7
DP1006,Cluster4,Cluster1
DP1007,Cluster4,Cluster1
DP1008,Cluster1,Cluster8
DP1009,Cluster4,Cluster6
DP1010,Cluster1,Cluster8
DP1011,Cluster1,Cluster8
DP1012,Cluster2,Noise
DP1013,Cluster3,Cluster5
DP1014,Cluster3,Cluster5
DP1015,Cluster3,Cluster5
DP1016,Cluster1,Cluster8
DP1017,Cluster4,Cluster6
DP1018,Cluster2,Cluster7
DP1019,Cluster1,Cluster8
DP1020,Cluster1,Cluster8
DP1021,Cluster1,Cluster4
DP1022,Cluster1,Cluster8
DP1023,Cluster3,Cluster16
DP1024,Cluster3,Cluster5
DP1025,Cluster1,Cluster13
DP1026,Cluster2,Cluster3
DP1027,Cluster1,Cluster4
DP1028,Cluster2,Cluster7
DP1029,Cluster1,Cluster8
DP1030,Cluster3,Cluster5
DP1031,Cluster3,Noise
DP1032,Cluster4,Cluster6
DP1033,Cluster2,Cluster3
DP1034,Cluster4,Cluster1
DP1035,Cluster4,Cluster1
DP1036,Cluster3,Cluster5
DP1037,Cluster3,Cluster10
DP1038,Cluster4,Cluster6
DP1039,Cluster2,Cluster7
DP1040,Cluster3,Noise
DP1041,Cluster1,Cluster8
DP1042,Cluster4,Cluster6
DP1043,Cluster1,Cluster8
DP1044,Cluster2,Cluster7
DP1045,Cluster2,Noise
DP1046,Cluster4,Cluster1
DP1047,Cluster4,Cluster6
DP1048,Cluster2,Noise
DP1049,Cluster2,Cluster7
DP1050,Cluster2,Cluster3
DP1051,Cluster1,Cluster8
DP1052,Cluster2,Cluster3
DP1053,Cluster3,Cluster9
DP1054,Cluster4,Cluster1
DP1055,Cluster4,Cluster1
DP1056,Cluster4,Cluster1
DP1057,Cluster3,Cluster9
DP1058,Cluster2,Cluster7
DP1059,Cluster3,Cluster16
DP1060,Cluster2,Cluster7
DP1061,Cluster2,Noise
DP1062,Cluster4,Cluster1
DP1063,Cluster4,Cluster6
DP1064,Cluster4,Cluster1
DP1065,Cluster3,Cluster9
DP1066,Cluster4,Cluster1
DP1067,Cluster1,Cluster4
DP1068,Cluster4,Cluster1
DP1069,Cluster1,Cluster8
DP1070,Cluster1,Cluster4
DP1071,Cluster1,Cluster8
DP1072,Cluster3,Cluster5
DP1073,Cluster2,Cluster3
DP1074,Cluster2,Cluster3
DP1075,Cluster3,Cluster5
DP1076,Cluster3,Cluster22
DP1077,Cluster1,Cluster8
DP1078,Cluster4,Cluster1
DP1079,Cluster4,Cluster1
DP1080,Cluster4,Cluster6
DP1081,Cluster3,Noise
DP1082,Cluster3,Noise
DP1083,Cluster4,Noise
DP1084,Cluster3,Cluster5
DP1085,Cluster2,Noise
DP1086,Cluster1,Cluster8
DP1087,Cluster4,Cluster1
DP1088,Cluster1,Noise
DP1089,Cluster4,Cluster6
DP1090,Cluster2,Cluster3
DP1091,Cluster3,Cluster5
DP1092,Cluster3,Cluster14
DP1093,Cluster3,Noise
DP1094,Cluster2,Cluster3
DP1095,Cluster2,Cluster7
DP1096,Cluster1,Cluster4
DP1097,Cluster4,Cluster1
DP1098,Cluster4,Cluster6
DP1099,Cluster2,Noise
DP1100,Cluster1,Cluster8
DP1101,Cluster4,Cluster1
DP1102,Cluster3,Cluster5
DP1103,Cluster4,Cluster1
DP1104,Cluster1,Cluster8
DP1105,Cluster1,Cluster8
DP1106,Cluster1,Cluster4
DP1107,Cluster1,Cluster8
DP1108,Cluster1,Cluster8
DP1109,Cluster3,Cluster5
DP1110,Cluster3,Cluster16
DP1111,Cluster4,Cluster1
DP1112,Cluster3,Cluster10
DP1113,Cluster2,Noise
DP1114,Cluster2,Cluster3
DP1115,Cluster1,Cluster4
DP1116,Cluster2,Cluster3
DP1117,Cluster3,Noise
DP1118,Cluster4,Cluster6
DP1119,Cluster4,Cluster6
DP1120,Cluster4,Cluster1
DP1121,Cluster1,Cluster4
DP1122,Cluster3,Cluster18
DP1123,Cluster1,Cluster8
DP1124,Cluster1,Cluster8
DP1125,Cluster3,Cluster10
DP1126,Cluster2,Cluster7
DP1127,Cluster1,Cluster8
DP1128,Cluster3,Cluster14
DP1129,Cluster3,Cluster11
DP1130,Cluster2,Noise
DP1131,Cluster2,Noise
DP1132,Cluster1,Cluster8
DP1133,Cluster3,Cluster9
DP1134,Cluster2,Cluster3
DP1135,Cluster2,Cluster12
DP1136,Cluster2,Noise
DP1137,Cluster4,Cluster1
DP1138,Cluster1,Cluster8
DP1139,Cluster2,Cluster12
DP1140,Cluster4,Cluster1
DP1141,Cluster2,Cluster7
DP1142,Cluster1,Cluster8
DP1143,Cluster4,Cluster6
DP1144,Cluster3,Noise
DP1145,Cluster3,Cluster11
DP1146,Cluster3,Cluster5
DP1147,Cluster3,Cluster10
DP1148,Cluster2,Cluster7
DP1149,Cluster4,Cluster6
DP1150,Cluster3,Cluster14
DP1151,Cluster4,Cluster6
DP1152,Cluster4,Cluster6
DP1153,Cluster1,Cluster8
DP1154,Cluster1,Cluster8
DP1155,Cluster3,Cluster10
DP1156,Cluster3,Cluster10
DP1157,Cluster2,Cluster3
DP1158,Cluster1,Cluster8
DP1159,Cluster3,Cluster5
DP1160,Cluster2,Noise
DP1161,Cluster4,Noise
DP1162,Cluster4,Cluster6
DP1163,Cluster2,Cluster12
DP1164,Cluster4,Cluster6
DP1165,Cluster4,Cluster1
DP1166,Cluster4,Cluster6
DP1167,Cluster1,Cluster8
DP1168,Cluster4,Cluster1
DP1169,Cluster4,Cluster6
DP1170,Cluster3,Cluster5
DP1171,Cluster4,Cluster6
DP1172,Cluster3,Cluster5
DP1173,Cluster4,Cluster6
DP1174,Cluster4,Cluster1
DP1175,Cluster3,Cluster5
DP1176,Cluster1,Cluster4
DP1177,Cluster3,Cluster16
DP1178,Cluster1,Cluster8
DP1179,Cluster1,Cluster8
DP1180,Cluster4,Cluster6
DP1181,Cluster3,Noise
DP1182,Cluster4,Cluster6
DP1183,Cluster1,Cluster8
DP1184,Cluster3,Cluster5
DP1185,Cluster4,Cluster1
DP1186,Cluster2,Cluster7
DP1187,Cluster4,Cluster6
DP1188,Cluster3,Cluster10
DP1189,Cluster3,Cluster5
DP1190,Cluster1,Cluster4
DP1191,Cluster3,Noise
DP1192,Cluster1,Cluster4
DP1193,Cluster1,Cluster4
DP1194,Cluster4,Cluster1
DP1195,Cluster4,Cluster1
DP1196,Cluster3,Cluster10
DP1197,Cluster2,Cluster7
DP1198,Cluster1,Cluster4
DP1199,Cluster1,Cluster8
DP1200,Cluster3,Cluster16
DP1201,Cluster3,Cluster22
DP1202,Cluster3,Cluster5
DP1203,Cluster4,Cluster6
DP1204,Cluster2,Cluster3
DP1205,Cluster2,Cluster7
DP1206,Cluster2,Cluster3
DP1207,Cluster4,Cluster1
DP1208,Cluster3,Cluster5
DP1209,Cluster4,Cluster6
DP1210,Cluster4,Cluster1
DP1211,Cluster1,Cluster4
DP1212,Cluster2,Cluster3
DP1213,Cluster3,Cluster9
DP1214,Cluster3,Cluster10
DP1215,Cluster3,Cluster5
DP1216,Cluster4,Cluster1
DP1217,Cluster3,Cluster5
DP1218,Cluster4,Cluster1
DP1219,Cluster4,Cluster1
DP1220,Cluster4,Cluster1
DP1221,Cluster4,Cluster1
DP1222,Cluster3,Cluster10
DP1223,Cluster4,Cluster6
DP1224,Cluster4,Cluster1
DP1225,Cluster2,Cluster2
DP1226,Cluster3,Cluster5
DP1227,Cluster3,Cluster5
DP1228,Cluster1,Cluster4
DP1229,Cluster2,Cluster3
DP1230,Cluster1,Cluster8
DP1231,Cluster4,Cluster6
DP1232,Cluster1,Cluster4
DP1233,Cluster1,Cluster8
DP1234,Cluster1,Cluster8
DP1235,Cluster4,Cluster6
DP1236,Cluster1,Cluster8
DP1237,Cluster1,Cluster8
DP1238,Cluster2,Cluster7
DP1239,Cluster4,Cluster1
DP1240,Cluster4,Cluster6
DP1241,Cluster3,Cluster21
DP1242,Cluster3,Cluster5
DP1243,Cluster3,Noise
DP1244,Cluster2,Cluster3
DP1245,Cluster2,Cluster7
DP1246,Cluster3,Cluster16
DP1247,Cluster4,Cluster1
DP1248,Cluster2,Cluster2
DP1249,Cluster4,Cluster6
DP1250,Cluster2,Noise
DP1251,Cluster3,Noise
DP1252,Cluster4,Cluster6
DP1253,Cluster4,Cluster1
DP1254,Cluster4,Cluster1
DP1255,Cluster1,Cluster4
DP1256,Cluster1,Cluster8
DP1257,Cluster3,Noise
DP1258,Cluster2,Cluster12
DP1259,Cluster1,Cluster8
DP1260,Cluster1,Noise
DP1261,Cluster1,Cluster8
DP1262,Cluster3,Cluster5
DP1263,Cluster4,Cluster6
DP1264,Cluster4,Cluster6
DP1265,Cluster1,Cluster8
DP1266,Cluster1,Cluster4
DP1267,Cluster1,Cluster8
DP1268,Cluster2,Cluster7
DP1269,Cluster3,Cluster5
DP1270,Cluster2,Cluster7
DP1271,Cluster1,Cluster8
DP1272,Cluster4,Cluster1
DP1273,Cluster3,Cluster10
DP1274,Cluster1,Cluster8
DP1275,Cluster3,Cluster9
DP1276,Cluster1,Cluster8
DP1277,Cluster3,Cluster5
DP1278,Cluster4,Cluster1
DP1279,Cluster3,Cluster5
DP1280,Cluster2,Cluster7
DP1281,Cluster2,Noise
DP1282,Cluster1,Cluster8
DP1283,Cluster3,Cluster10
DP1284,Cluster3,Cluster9
DP1285,Cluster1,Cluster4
DP1286,Cluster3,Cluster5
DP1287,Cluster2,Cluster7
DP1288,Cluster1,Noise
DP1289,Cluster4,Cluster1
DP1290,Cluster3,Cluster5
DP1291,Cluster1,Cluster8
DP1292,Cluster1,Cluster8
DP1293,Cluster1,Cluster8
DP1294,Cluster1,Cluster8
DP1295,Cluster1,Cluster8
DP1296,Cluster4,Cluster6
DP1297,Cluster2,Noise
DP1298,Cluster2,Noise
DP1299,Cluster1,Cluster8
DP1300,Cluster1,Cluster8
DP1301,Cluster4,Cluster1
DP1302,Cluster1,Cluster4
DP1303,Cluster3,Cluster5
DP1304,Cluster1,Cluster8
DP1305,Cluster1,Cluster8
DP1306,Cluster4,Cluster1
DP1307,Cluster4,Noise
DP1308,Cluster1,Cluster4
DP1309,Cluster2,Cluster7
DP1310,Cluster2,Noise
DP1311,Cluster2,Cluster7
DP1312,Cluster3,Cluster11
DP1313,Cluster1,Cluster4
DP1314,Cluster1,Cluster8
DP1315,Cluster2,Cluster7
DP1316,Cluster2,Cluster3
DP1317,Cluster3,Cluster22
DP1318,Cluster4,Cluster1
DP1319,Cluster3,Cluster10
DP1320,Cluster2,Cluster3
DP1321,Cluster4,Cluster1
DP1322,Cluster2,Cluster3
DP1323,Cluster2,Cluster7
DP1324,Cluster3,Cluster10
DP1325,Cluster2,Cluster3
DP1326,Cluster3,Cluster18
DP1327,Cluster3,Cluster10
DP1328,Cluster2,Cluster15
DP1329,Cluster2,Cluster3
DP1330,Cluster1,Cluster4
DP1331,Cluster3,Cluster5
DP1332,Cluster4,Cluster1
DP1333,Cluster4,Cluster1
DP1334,Cluster3,Cluster10
DP1335,Cluster1,Cluster8
DP1336,Cluster4,Cluster1
DP1337,Cluster4,Cluster6
DP1338,Cluster4,Cluster6
DP1339,Cluster2,Cluster3
DP1340,Cluster2,Noise
DP1341,Cluster1,Cluster8
DP1342,Cluster4,Cluster1
DP1343,Cluster3,Cluster9
DP1344,Cluster4,Cluster1
DP1345,Cluster1,Cluster4
DP1346,Cluster4,Cluster6
DP1347,Cluster1,Cluster8
DP1348,Cluster3,Cluster10
DP1349,Cluster2,Noise
DP1350,Cluster4,Cluster6
DP1351,Cluster2,Cluster7
DP1352,Cluster1,Cluster8
DP1353,Cluster4,Cluster6
DP1354,Cluster4,Cluster1
DP1355,Cluster4,Cluster1
DP1356,Cluster4,Cluster6
DP1357,Cluster2,Cluster3
DP1358,Cluster2,Cluster3
DP1359,Cluster2,Cluster7
DP1360,Cluster4,Cluster1
DP1361,Cluster3,Cluster19
DP1362,Cluster2,Cluster3
DP1363,Cluster4,Cluster6
DP1364,Cluster1,Cluster8
DP1365,Cluster1,Cluster8
DP1366,Cluster4,Cluster1
DP1367,Cluster3,Cluster5
DP1368,Cluster2,Noise
DP1369,Cluster4,Cluster6
DP1370,Cluster4,Cluster1
DP1371,Cluster1,Cluster8
DP1372,Cluster2,Noise
DP1373,Cluster2,Noise
DP1374,Cluster4,Cluster1
DP1375,Cluster1,Cluster8
DP1376,Cluster1,Cluster4
DP1377,Cluster2,Cluster7
DP1378,Cluster2,Cluster7
DP1379,Cluster2,Cluster7
DP1380,Cluster2,Cluster17
DP1381,Cluster4,Cluster1
DP1382,Cluster2,Cluster7
DP1383,Cluster1,Cluster8
DP1384,Cluster3,Noise
DP1385,Cluster2,Noise
DP1386,Cluster1,Cluster8
DP1387,Cluster3,Cluster9
DP1388,Cluster2,Noise
DP1389,Cluster4,Cluster1
DP1390,Cluster4,Cluster6
DP1391,Cluster4,Cluster1
DP1392,Cluster1,Cluster4
DP1393,Cluster1,Cluster8
DP1394,Cluster2,Noise
DP1395,Cluster3,Cluster5
DP1396,Cluster2,Cluster12
DP1397,Cluster3,Cluster5
DP1398,Cluster3,Cluster18
DP1399,Cluster4,Cluster6
DP1400,Cluster3,Cluster10
DP1401,Cluster2,Cluster7
DP1402,Cluster2,Cluster7
DP1403,Cluster4,Cluster6
DP1404,Cluster2,Noise
DP1405,Cluster4,Cluster6
DP1406,Cluster3,Cluster9
DP1407,Cluster2,Cluster7
DP1408,Cluster2,Noise
DP1409,Cluster1,Cluster8
DP1410,Cluster4,Cluster6
DP1411,Cluster2,Cluster2
DP1412,Cluster1,Cluster8
DP1413,Cluster1,Cluster8
DP1414,Cluster1,Cluster8
DP1415,Cluster1,Cluster8
DP1416,Cluster4,Cluster6
DP1417,Cluster4,Cluster6
DP1418,Cluster1,Cluster4
DP1419,Cluster1,Cluster8
DP1420,Cluster3,Cluster10
DP1421,Cluster2,Cluster3
DP1422,Cluster3,Cluster5
DP1423,Cluster1,Cluster8
DP1424,Cluster4,Cluster6
DP1425,Cluster1,Cluster8
DP1426,Cluster1,Cluster8
DP1427,Cluster1,Cluster4
DP1428,Cluster2,Cluster7
DP1429,Cluster3,Cluster5
DP1430,Cluster1,Cluster4
DP1431,Cluster4,Cluster1
DP1432,Cluster2,Cluster3
DP1433,Cluster1,Cluster4
DP1434,Cluster4,Cluster1
DP1435,Cluster3,Cluster10
DP1436,Cluster1,Cluster8
DP1437,Cluster3,Cluster14
DP1438,Cluster3,Cluster5
DP1439,Cluster2,Cluster15
DP1440,Cluster1,Cluster8
DP1441,Cluster3,Noise
DP1442,Cluster3,Cluster9
DP1443,Cluster3,Cluster10
DP1444,Cluster4,Cluster1
DP1445,Cluster1,Cluster8
DP1446,Cluster1,Cluster4
DP1447,Cluster1,Cluster8
DP1448,Cluster4,Cluster1
DP1449,Cluster2,Noise
DP1450,Cluster2,Noise
DP1451,Cluster4,Cluster6
DP1452,Cluster3,Cluster14
DP1453,Cluster4,Cluster1
DP1454,Cluster2,Cluster7
DP1455,Cluster2,Cluster7
DP1456,Cluster3,Cluster16
DP1457,Cluster1,Cluster4
DP1458,Cluster1,Cluster8
DP1459,Cluster4,Cluster6
DP1460,Cluster3,Cluster10
DP1461,Cluster3,Cluster5
DP1462,Cluster3,Cluster5
DP1463,Cluster2,Cluster7
DP1464,Cluster2,Cluster2
DP1465,Cluster1,Cluster8
DP1466,Cluster4,Cluster6
DP1467,Cluster2,Noise
DP1468,Cluster3,Cluster5
DP1469,Cluster2,Cluster15
DP1470,Cluster3,Noise
DP1471,Cluster4,Cluster1
DP1472,Cluster2,Cluster3
DP1473,Cluster1,Cluster4
DP1474,Cluster1,Cluster8
DP1475,Cluster4,Cluster6
DP1476,Cluster4,Cluster1
DP1477,Cluster2,Cluster7
DP1478,Cluster1,Cluster4
DP1479,Cluster4,Cluster1
DP1480,Cluster2,Noise
DP1481,Cluster3,Cluster9
DP1482,Cluster4,Cluster6
DP1483,Cluster4,Cluster1
DP1484,Cluster1,Cluster4
DP1485,Cluster3,Cluster14
DP1486,Cluster2,Cluster7
DP1487,Cluster1,Cluster8
DP1488,Cluster3,Cluster16
DP1489,Cluster3,Cluster5
DP1490,Cluster2,Noise
DP1491,Cluster1,Cluster8
DP1492,Cluster3,Cluster5
DP1493,Cluster1,Cluster4
DP1494,Cluster3,Cluster9
DP1495,Cluster1,Cluster4
DP1496,Cluster4,Cluster1
DP1497,Cluster1,Cluster4
DP1498,Cluster1,Cluster4
DP1499,Cluster1,Cluster8
DP1500,Cluster2,Cluster2
DP1501,Cluster1,Cluster8
DP1502,Cluster1,Cluster8
DP1503,Cluster2,Noise
DP1504,Cluster3,Noise
DP1505,Cluster1,Cluster4
DP1506,Cluster2,Cluster3
DP1507,Cluster1,Cluster8
DP1508,Cluster1,Cluster4
DP1509,Cluster4,Cluster6
DP1510,Cluster3,Cluster10
DP1511,Cluster2,Cluster7
DP1512,Cluster3,Cluster10
DP1513,Cluster4,Cluster1
DP1514,Cluster2,Noise
DP1515,Cluster1,Cluster8
DP1516,Cluster2,Cluster7
DP1517,Cluster2,Noise
DP1518,Cluster1,Cluster8
DP1519,Cluster3,Cluster5
DP1520,Cluster1,Cluster8
DP1521,Cluster2,Cluster7
DP1522,Cluster1,Cluster8
DP1523,Cluster4,Cluster6
DP1524,Cluster1,Cluster8
DP1525,Cluster3,Cluster16
DP1526,Cluster1,Cluster8
DP1527,Cluster1,Cluster8
DP1528,Cluster3,Cluster5
DP1529,Cluster4,Cluster6
DP1530,Cluster2,Cluster7
DP1531,Cluster3,Cluster9
DP1532,Cluster2,Cluster3
DP1533,Cluster3,Cluster5
DP1534,Cluster2,Cluster7
DP1535,Cluster1,Cluster8
DP1536,Cluster3,Cluster9
DP1537,Cluster4,Cluster6
DP1538,Cluster4,Cluster1
DP1539,Cluster3,Cluster5
DP1540,Cluster4,Cluster1
DP1541,Cluster4,Cluster1
DP1542,Cluster4,Cluster1
DP1543,Cluster4,Cluster6
DP1544,Cluster1,Cluster8
DP1545,Cluster3,Cluster20
DP1546,Cluster2,Noise
DP1547,Cluster3,Cluster5
DP1548,Cluster3,Cluster18
DP1549,Cluster1,Cluster8
DP1550,Cluster4,Cluster6
